clip_name,consolidated_label
ZO_FILLER_0000.wav,Filler
ZO_FILLER_0001.wav,Filler
ZO_FILLER_0002.wav,Filler
ZO_FILLER_0003.wav,Filler
ZO_FILLER_0004.wav,Filler
ZO_FILLER_0005.wav,Filler
ZO_FILLER_0006.wav,Filler
ZO_FILLER_0007.wav,Filler
ZO_FILLER_0008.wav,Filler
ZO_FILLER_0009.wav,Filler
ZO_FILLER_0010.wav,Filler
ZO_FILLER_0011.wav,Filler
ZO_FILLER_0012.wav,Filler
ZO_FILLER_0013.wav,Filler
ZO_FILLER_0014.wav,Filler
ZO_FILLER_0015.wav,Filler
ZO_FILLER_0016.wav,Filler
ZO_FILLER_0017.wav,Filler
ZO_FILLER_0018.wav,Filler
ZO_FILLER_0019.wav,Filler
ZO_FILLER_0020.wav,Filler
ZO_FILLER_0021.wav,Filler
ZO_FILLER_0022.wav,Filler
ZO_FILLER_0023.wav,Filler
ZO_FILLER_0024.wav,Filler
ZO_FILLER_0025.wav,Filler
ZO_FILLER_0026.wav,Filler
ZO_FILLER_0027.wav,Filler
ZO_FILLER_0028.wav,Filler
ZO_FILLER_0029.wav,Filler
ZO_FILLER_0030.wav,Filler
ZO_FILLER_0031.wav,Filler
ZO_FILLER_0032.wav,Filler
ZO_FILLER_0033.wav,Filler
ZO_FILLER_0034.wav,Filler
ZO_FILLER_0035.wav,Filler
ZO_FILLER_0036.wav,Filler
ZO_FILLER_0037.wav,Filler
ZO_FILLER_0038.wav,Filler
ZO_FILLER_0039.wav,Filler
ZO_FILLER_0040.wav,Filler
ZO_FILLER_0041.wav,Filler
ZO_FILLER_0042.wav,Filler
ZO_FILLER_0043.wav,Filler
ZO_FILLER_0044.wav,Filler
ZO_FILLER_0045.wav,Filler
ZO_FILLER_0046.wav,Filler
ZO_FILLER_0047.wav,Filler
ZO_FILLER_0048.wav,Filler
ZO_FILLER_0049.wav,Filler
ZO_FILLER_0050.wav,Filler
ZO_FILLER_0051.wav,Filler
ZO_FILLER_0052.wav,Filler
ZO_FILLER_0053.wav,Filler
ZO_FILLER_0054.wav,Filler
ZO_FILLER_0055.wav,Filler
ZO_FILLER_0056.wav,Filler
ZO_FILLER_0057.wav,Filler
ZO_FILLER_0058.wav,Filler
ZO_FILLER_0059.wav,Filler
ZO_FILLER_0060.wav,Filler
ZO_FILLER_0061.wav,Filler
ZO_FILLER_0062.wav,Filler
ZO_FILLER_0063.wav,Filler
ZO_FILLER_0064.wav,Filler
ZO_FILLER_0065.wav,Filler
ZO_FILLER_0066.wav,Filler
ZO_FILLER_0067.wav,Filler
ZO_FILLER_0068.wav,Filler
ZO_FILLER_0069.wav,Filler
ZO_FILLER_0070.wav,Filler
ZO_FILLER_0071.wav,Filler
ZO_FILLER_0072.wav,Filler
ZO_FILLER_0073.wav,Filler
ZO_FILLER_0074.wav,Filler
ZO_FILLER_0075.wav,Filler
ZO_FILLER_0076.wav,Filler
ZO_FILLER_0077.wav,Filler
ZO_FILLER_0078.wav,Filler
ZO_FILLER_0079.wav,Filler
ZO_FILLER_0080.wav,Filler
ZO_FILLER_0081.wav,Filler
ZO_FILLER_0082.wav,Filler
ZO_FILLER_0083.wav,Filler
ZO_FILLER_0084.wav,Filler
ZO_FILLER_0085.wav,Filler
ZO_FILLER_0086.wav,Filler
ZO_FILLER_0087.wav,Filler
ZO_FILLER_0088.wav,Filler
ZO_FILLER_0089.wav,Filler
ZO_FILLER_0090.wav,Filler
ZO_FILLER_0091.wav,Filler
ZO_FILLER_0092.wav,Filler
ZO_FILLER_0093.wav,Filler
ZO_FILLER_0094.wav,Filler
ZO_FILLER_0095.wav,Filler
ZO_FILLER_0096.wav,Filler
ZO_FILLER_0097.wav,Filler
ZO_FILLER_0098.wav,Filler
ZO_FILLER_0099.wav,Filler
ZO_FILLER_0100.wav,Filler
ZO_FILLER_0101.wav,Filler
ZO_FILLER_0102.wav,Filler
ZO_FILLER_0103.wav,Filler
ZO_FILLER_0104.wav,Filler
ZO_FILLER_0105.wav,Filler
ZO_FILLER_0106.wav,Filler
ZO_FILLER_0107.wav,Filler
ZO_FILLER_0108.wav,Filler
ZO_FILLER_0109.wav,Filler
ZO_FILLER_0110.wav,Filler
ZO_FILLER_0111.wav,Filler
ZO_FILLER_0112.wav,Filler
ZO_FILLER_0113.wav,Filler
ZO_FILLER_0114.wav,Filler
ZO_FILLER_0115.wav,Filler
ZO_FILLER_0116.wav,Filler
ZO_FILLER_0117.wav,Filler
ZO_FILLER_0118.wav,Filler
ZO_FILLER_0119.wav,Filler
ZO_FILLER_0120.wav,Filler
ZO_FILLER_0121.wav,Filler
ZO_FILLER_0122.wav,Filler
ZO_FILLER_0123.wav,Filler
ZO_FILLER_0124.wav,Filler
ZO_FILLER_0125.wav,Filler
ZO_FILLER_0126.wav,Filler
ZO_FILLER_0127.wav,Filler
ZO_FILLER_0128.wav,Filler
ZO_FILLER_0129.wav,Filler
ZO_FILLER_0130.wav,Filler
ZO_FILLER_0131.wav,Filler
ZO_FILLER_0132.wav,Filler
ZO_FILLER_0133.wav,Filler
ZO_FILLER_0134.wav,Filler
ZO_FILLER_0135.wav,Filler
ZO_FILLER_0136.wav,Filler
ZO_FILLER_0137.wav,Filler
ZO_FILLER_0138.wav,Filler
ZO_FILLER_0139.wav,Filler
ZO_FILLER_0140.wav,Filler
ZO_FILLER_0141.wav,Filler
ZO_FILLER_0142.wav,Filler
ZO_FILLER_0143.wav,Filler
ZO_FILLER_0144.wav,Filler
ZO_FILLER_0145.wav,Filler
ZO_FILLER_0146.wav,Filler
ZO_FILLER_0147.wav,Filler
ZO_FILLER_0148.wav,Filler
ZO_FILLER_0149.wav,Filler
ZO_FILLER_0150.wav,Filler
ZO_FILLER_0151.wav,Filler
ZO_FILLER_0152.wav,Filler
ZO_FILLER_0153.wav,Filler
ZO_FILLER_0154.wav,Filler
ZO_FILLER_0155.wav,Filler
ZO_FILLER_0156.wav,Filler
ZO_FILLER_0157.wav,Filler
ZO_FILLER_0158.wav,Filler
ZO_FILLER_0159.wav,Filler
ZO_FILLER_0160.wav,Filler
ZO_FILLER_0161.wav,Filler
ZO_FILLER_0162.wav,Filler
ZO_FILLER_0163.wav,Filler
ZO_FILLER_0164.wav,Filler
ZO_FILLER_0165.wav,Filler
ZO_FILLER_0166.wav,Filler
ZO_FILLER_0167.wav,Filler
ZO_FILLER_0168.wav,Filler
ZO_FILLER_0169.wav,Filler
ZO_FILLER_0170.wav,Filler
ZO_FILLER_0171.wav,Filler
ZO_FILLER_0172.wav,Filler
ZO_FILLER_0173.wav,Filler
ZO_FILLER_0174.wav,Filler
ZO_FILLER_0175.wav,Filler
ZO_FILLER_0176.wav,Filler
ZO_FILLER_0177.wav,Filler
ZO_FILLER_0178.wav,Filler
ZO_FILLER_0179.wav,Filler
ZO_FILLER_0180.wav,Filler
ZO_FILLER_0181.wav,Filler
ZO_FILLER_0182.wav,Filler
ZO_FILLER_0183.wav,Filler
ZO_FILLER_0184.wav,Filler
ZO_FILLER_0185.wav,Filler
ZO_FILLER_0186.wav,Filler
ZO_FILLER_0187.wav,Filler
ZO_FILLER_0188.wav,Filler
ZO_FILLER_0189.wav,Filler
ZO_FILLER_0190.wav,Filler
ZO_FILLER_0191.wav,Filler
ZO_FILLER_0192.wav,Filler
ZO_FILLER_0193.wav,Filler
ZO_FILLER_0194.wav,Filler
ZO_FILLER_0195.wav,Filler
ZO_FILLER_0196.wav,Filler
ZO_FILLER_0197.wav,Filler
ZO_FILLER_0198.wav,Filler
ZO_FILLER_0199.wav,Filler
ZO_FILLER_0200.wav,Filler
ZO_FILLER_0201.wav,Filler
ZO_FILLER_0202.wav,Filler
ZO_FILLER_0203.wav,Filler
ZO_FILLER_0204.wav,Filler
ZO_FILLER_0205.wav,Filler
ZO_FILLER_0206.wav,Filler
ZO_FILLER_0207.wav,Filler
ZO_FILLER_0208.wav,Filler
ZO_FILLER_0209.wav,Filler
ZO_FILLER_0210.wav,Filler
ZO_FILLER_0211.wav,Filler
ZO_FILLER_0212.wav,Filler
ZO_FILLER_0213.wav,Filler
ZO_FILLER_0214.wav,Filler
ZO_FILLER_0215.wav,Filler
ZO_FILLER_0216.wav,Filler
ZO_FILLER_0217.wav,Filler
ZO_FILLER_0218.wav,Filler
ZO_FILLER_0219.wav,Filler
ZO_FILLER_0220.wav,Filler
ZO_FILLER_0221.wav,Filler
ZO_FILLER_0222.wav,Filler
ZO_FILLER_0223.wav,Filler
ZO_FILLER_0224.wav,Filler
ZO_FILLER_0225.wav,Filler
ZO_FILLER_0226.wav,Filler
ZO_FILLER_0227.wav,Filler
ZO_FILLER_0228.wav,Filler
ZO_FILLER_0229.wav,Filler
ZO_FILLER_0230.wav,Filler
ZO_FILLER_0231.wav,Filler
ZO_FILLER_0232.wav,Filler
ZO_FILLER_0233.wav,Filler
ZO_FILLER_0234.wav,Filler
ZO_FILLER_0235.wav,Filler
ZO_FILLER_0236.wav,Filler
ZO_FILLER_0237.wav,Filler
ZO_FILLER_0238.wav,Filler
ZO_FILLER_0239.wav,Filler
ZO_FILLER_0240.wav,Filler
ZO_FILLER_0241.wav,Filler
ZO_FILLER_0242.wav,Filler
ZO_FILLER_0243.wav,Filler
ZO_FILLER_0244.wav,Filler
ZO_FILLER_0245.wav,Filler
ZO_FILLER_0246.wav,Filler
ZO_FILLER_0247.wav,Filler
ZO_FILLER_0248.wav,Filler
ZO_FILLER_0249.wav,Filler
ZO_FILLER_0250.wav,Filler
ZO_FILLER_0251.wav,Filler
ZO_FILLER_0252.wav,Filler
ZO_FILLER_0253.wav,Filler
ZO_FILLER_0254.wav,Filler
ZO_FILLER_0255.wav,Filler
ZO_FILLER_0256.wav,Filler
ZO_FILLER_0257.wav,Filler
ZO_FILLER_0258.wav,Filler
ZO_FILLER_0259.wav,Filler
ZO_FILLER_0260.wav,Filler
ZO_FILLER_0261.wav,Filler
ZO_FILLER_0262.wav,Filler
ZO_FILLER_0263.wav,Filler
ZO_FILLER_0264.wav,Filler
ZO_FILLER_0265.wav,Filler
ZO_FILLER_0266.wav,Filler
ZO_FILLER_0267.wav,Filler
ZO_FILLER_0268.wav,Filler
ZO_FILLER_0269.wav,Filler
ZO_FILLER_0270.wav,Filler
ZO_FILLER_0271.wav,Filler
ZO_FILLER_0272.wav,Filler
ZO_FILLER_0273.wav,Filler
ZO_FILLER_0274.wav,Filler
ZO_FILLER_0275.wav,Filler
ZO_FILLER_0276.wav,Filler
ZO_FILLER_0277.wav,Filler
ZO_FILLER_0278.wav,Filler
ZO_FILLER_0279.wav,Filler
ZO_FILLER_0280.wav,Filler
ZO_FILLER_0281.wav,Filler
ZO_FILLER_0282.wav,Filler
ZO_FILLER_0283.wav,Filler
ZO_FILLER_0284.wav,Filler
ZO_FILLER_0285.wav,Filler
ZO_FILLER_0286.wav,Filler
ZO_FILLER_0287.wav,Filler
ZO_FILLER_0288.wav,Filler
ZO_FILLER_0289.wav,Filler
ZO_FILLER_0290.wav,Filler
ZO_FILLER_0291.wav,Filler
ZO_FILLER_0292.wav,Filler
ZO_FILLER_0293.wav,Filler
ZO_FILLER_0294.wav,Filler
ZO_FILLER_0295.wav,Filler
ZO_FILLER_0296.wav,Filler
ZO_NONFILLER_0297.wav,NonFiller
ZO_NONFILLER_0298.wav,NonFiller
ZO_NONFILLER_0299.wav,NonFiller
ZO_NONFILLER_0300.wav,NonFiller
ZO_NONFILLER_0301.wav,NonFiller
ZO_NONFILLER_0302.wav,NonFiller
ZO_NONFILLER_0303.wav,NonFiller
ZO_NONFILLER_0304.wav,NonFiller
ZO_NONFILLER_0305.wav,NonFiller
ZO_NONFILLER_0306.wav,NonFiller
ZO_NONFILLER_0307.wav,NonFiller
ZO_NONFILLER_0308.wav,NonFiller
ZO_NONFILLER_0309.wav,NonFiller
ZO_NONFILLER_0310.wav,NonFiller
ZO_NONFILLER_0311.wav,NonFiller
ZO_NONFILLER_0312.wav,NonFiller
ZO_NONFILLER_0313.wav,NonFiller
ZO_NONFILLER_0314.wav,NonFiller
ZO_NONFILLER_0315.wav,NonFiller
ZO_NONFILLER_0316.wav,NonFiller
ZO_NONFILLER_0317.wav,NonFiller
ZO_NONFILLER_0318.wav,NonFiller
ZO_NONFILLER_0319.wav,NonFiller
ZO_NONFILLER_0320.wav,NonFiller
ZO_NONFILLER_0321.wav,NonFiller
ZO_NONFILLER_0322.wav,NonFiller
ZO_NONFILLER_0323.wav,NonFiller
ZO_NONFILLER_0324.wav,NonFiller
ZO_NONFILLER_0325.wav,NonFiller
ZO_NONFILLER_0326.wav,NonFiller
ZO_NONFILLER_0327.wav,NonFiller
ZO_NONFILLER_0328.wav,NonFiller
ZO_NONFILLER_0329.wav,NonFiller
ZO_NONFILLER_0330.wav,NonFiller
ZO_NONFILLER_0331.wav,NonFiller
ZO_NONFILLER_0332.wav,NonFiller
ZO_NONFILLER_0333.wav,NonFiller
ZO_NONFILLER_0334.wav,NonFiller
ZO_NONFILLER_0335.wav,NonFiller
ZO_NONFILLER_0336.wav,NonFiller
ZO_NONFILLER_0337.wav,NonFiller
ZO_NONFILLER_0338.wav,NonFiller
ZO_NONFILLER_0339.wav,NonFiller
ZO_NONFILLER_0340.wav,NonFiller
ZO_NONFILLER_0341.wav,NonFiller
ZO_NONFILLER_0342.wav,NonFiller
ZO_NONFILLER_0343.wav,NonFiller
ZO_NONFILLER_0344.wav,NonFiller
ZO_NONFILLER_0345.wav,NonFiller
ZO_NONFILLER_0346.wav,NonFiller
ZO_NONFILLER_0347.wav,NonFiller
ZO_NONFILLER_0348.wav,NonFiller
ZO_NONFILLER_0349.wav,NonFiller
ZO_NONFILLER_0350.wav,NonFiller
ZO_NONFILLER_0351.wav,NonFiller
ZO_NONFILLER_0352.wav,NonFiller
ZO_NONFILLER_0353.wav,NonFiller
ZO_NONFILLER_0354.wav,NonFiller
ZO_NONFILLER_0355.wav,NonFiller
ZO_NONFILLER_0356.wav,NonFiller
ZO_NONFILLER_0357.wav,NonFiller
ZO_NONFILLER_0358.wav,NonFiller
ZO_NONFILLER_0359.wav,NonFiller
ZO_NONFILLER_0360.wav,NonFiller
ZO_NONFILLER_0361.wav,NonFiller
ZO_NONFILLER_0362.wav,NonFiller
ZO_NONFILLER_0363.wav,NonFiller
ZO_NONFILLER_0364.wav,NonFiller
ZO_NONFILLER_0365.wav,NonFiller
ZO_NONFILLER_0366.wav,NonFiller
ZO_NONFILLER_0367.wav,NonFiller
ZO_NONFILLER_0368.wav,NonFiller
ZO_NONFILLER_0369.wav,NonFiller
ZO_NONFILLER_0370.wav,NonFiller
ZO_NONFILLER_0371.wav,NonFiller
ZO_NONFILLER_0372.wav,NonFiller
ZO_NONFILLER_0373.wav,NonFiller
ZO_NONFILLER_0374.wav,NonFiller
ZO_NONFILLER_0375.wav,NonFiller
ZO_NONFILLER_0376.wav,NonFiller
ZO_NONFILLER_0377.wav,NonFiller
ZO_NONFILLER_0378.wav,NonFiller
ZO_NONFILLER_0379.wav,NonFiller
